"A5","A6","A7","A8","A9","A10","A11","A13","A14","A15","class"
"g","w","v",1.25,"t","t",1,"g",202,0,1
"g","q","h",3.04,"t","t",6,"g",43,560,1
"g","q","h",1.5,"t","f",0,"g",280,824,1
"g","w","v",3.75,"t","t",5,"g",100,3,1
"g","w","v",1.71,"t","f",0,"s",120,0,1
"g","m","v",2.5,"t","f",0,"g",360,0,1
"g","r","h",6.5,"t","f",0,"g",164,31285,1
"g","cc","v",0.04,"t","f",0,"g",80,1349,1
"p","k","h",3.96,"t","f",0,"g",180,314,1
"p","w","v",3.165,"t","f",0,"g",52,1442,1
"g","c","h",2.165,"f","f",0,"g",128,0,1
"g","c","h",4.335,"t","f",0,"g",260,200,1
"g","k","v",1,"t","f",0,"g",0,0,1
"g","k","v",0.04,"f","f",0,"g",0,2690,1
"g","q","v",5,"t","t",7,"g",0,0,1
"p","k","v",0.25,"t","t",10,"g",320,0,1
"g","m","v",0.96,"t","t",3,"g",396,0,1
"g","q","v",3.17,"t","t",10,"g",120,245,1
"g","d","h",0.665,"t","f",0,"g",0,0,1
"g","cc","h",0.75,"t","t",7,"g",96,0,1
"g","c","v",2.5,"t","t",17,"g",200,1208,1
"g","c","v",0.835,"t","f",0,"s",300,0,1
"g","c","v",7.875,"t","t",6,"g",0,1260,1
"g","x","h",3.085,"t","t",1,"g",120,11,1
"g","q","v",0.5,"t","t",3,"g",145,0,1
"g","c","h",1.5,"t","t",2,"g",100,0,1
"g","i","bb",5.165,"t","t",9,"g",0,0,1
"g","d","bb",15,"t","t",17,"g",0,0,1
"g","e","h",7,"t","t",3,"g",0,0,1
"g","w","v",5,"t","t",6,"g",500,10000,1
"g","aa","v",5.04,"t","t",5,"g",168,0,1
"g","x","h",7.96,"t","t",8,"g",0,0,1
"g","i","bb",7.585,"t","t",15,"g",0,5000,1
"g","e","v",5,"t","f",0,"g",0,4000,1
"g","q","v",0.415,"t","t",5,"g",0,560,1
"g","w","v",2,"t","t",11,"g",434,35,1
"g","cc","h",1.835,"t","t",12,"g",583,713,1
"g","x","h",0.5,"t","t",2,"g",300,551,1
"p","cc","v",0.25,"t","t",2,"g",260,500,1
"g","ff","ff",14.415,"t","t",11,"g",30,300,1
"g","c","v",4.5,"t","t",12,"g",0,221,1
"g","c","h",5.335,"t","t",11,"g",0,2283,1
"g","w","h",0.75,"t","t",1,"g",240,100,1
"g","w","v",8.625,"t","t",6,"g",70,0,1
"p","c","v",28.5,"t","t",40,"g",0,15,1
"g","c","h",2.625,"t","t",11,"g",0,284,1
"p","q","h",0.125,"t","t",23,"g",455,1236,1
"g","cc","h",6.04,"t","t",3,"g",311,300,1
"g","i","bb",3.5,"f","f",0,"g",216,0,1
"g","c","v",0.165,"f","f",0,"g",100,0,1
"g","c","h",0.875,"t","f",0,"g",491,0,1
"g","q","v",1.75,"t","f",0,"g",280,0,1
"g","w","v",0.04,"t","f",0,"g",400,5800,1
"g","w","v",0,"t","f",0,"g",239,200,1
"g","cc","h",7.415,"t","f",0,"g",0,0,1
"p","w","v",0.835,"t","f",0,"g",160,300,1
"g","cc","v",0.085,"t","f",0,"g",0,0,1
"g","i","h",5,"t","f",0,"g",320,0,1
"g","x","h",5.75,"f","f",0,"s",711,0,1
"g","q","h",6,"t","t",11,"g",80,0,1
"g","m","v",1.25,"t","t",4,"g",200,0,1
"g","d","v",3,"t","t",9,"g",250,730,1
"p","q","v",1.5,"t","t",2,"g",80,400,1
"g","q","v",1.585,"t","t",1,"g",0,0,1
"g","cc","v",4.29,"t","t",1,"g",120,0,1
"g","cc","v",1.54,"t","t",1,"g",520,50000,1
"g","c","v",2,"t","t",11,"g",0,456,1
"g","m","v",0.25,"t","t",3,"g",260,15108,1
"g","w","h",1.46,"t","t",7,"g",80,2954,1
"g","x","h",1.625,"t","t",1,"g",515,500,1
"g","e","bb",1.585,"t","f",0,"s",420,0,2
"g","d","bb",12.5,"t","f",0,"g",160,0,2
"g","cc","v",13.5,"t","f",0,"g",980,0,2
"g","m","v",10.75,"t","f",0,"s",400,0,2
"p","c","v",1.625,"f","f",0,"g",160,2,2
"g","q","v",0.375,"t","t",1,"g",160,0,2
"g","aa","v",0.125,"t","f",0,"g",443,0,2
"p","aa","v",0.585,"t","f",0,"g",160,0,2
"p","k","v",2.5,"t","t",1,"g",180,20,2
"g","c","v",0.25,"t","f",0,"g",140,0,2
"g","ff","ff",0,"t","t",1,"g",94,0,2
"g","m","v",2,"t","f",0,"s",368,0,2
"g","m","v",0.25,"t","f",0,"s",288,0,2
"g","d","v",3,"t","f",0,"g",300,0,2
"g","aa","v",0.455,"t","f",0,"g",200,0,2
"g","c","bb",5,"t","f",0,"s",280,0,2
"g","d","v",0.875,"t","f",0,"s",928,0,2
"p","aa","v",4,"t","f",0,"g",188,0,2
"g","aa","v",1,"t","f",0,"g",240,0,2
"g","j","j",0,"t","f",0,"g",100,27,2
"p","c","h",5,"t","f",0,"g",112,0,2
"g","c","v",0.5,"t","f",0,"g",120,0,2
"p","aa","v",8.5,"t","f",0,"g",0,0,2
"p","c","h",9.46,"t","f",0,"g",200,100,2
"p","c","v",1.5,"t","f",0,"g",0,225,2
"g","i","bb",0.5,"t","f",0,"g",171,0,2
"p","aa","v",0.125,"t","f",0,"g",180,1,2
"g","c","bb",0.835,"t","f",0,"s",320,0,2
"p","q","v",3,"t","f",0,"g",268,0,2
"g","q","v",1,"t","t",2,"g",167,500,2
"p","c","bb",0.25,"t","f",0,"g",164,400,2
"p","c","v",4,"t","f",0,"g",80,0,2
"g","q","v",0.375,"t","t",2,"g",0,38,2
"g","k","v",2.25,"t","t",2,"g",120,5,2
"p","i","h",5.75,"t","t",2,"g",75,0,2
"g","e","z",0,"t","t",20,"g",152,130,2
"g","k","v",0.5,"t","f",0,"s",280,0,2
"p","aa","v",4.5,"t","f",0,"g",120,0,2
"p","x","h",10,"t","f",0,"g",176,0,2
"g","c","v",0.795,"t","t",5,"g",140,5,2
"g","w","v",3.5,"t","t",3,"g",329,0,2
"p","ff","ff",0.5,"t","t",3,"g",180,147,2
"g","w","v",0.875,"t","f",0,"g",260,0,2
"g","k","bb",1,"t","t",3,"g",212,0,2
"p","c","h",1.375,"t","t",3,"g",140,210,2
"g","q","v",1.29,"t","t",2,"g",200,0,2
"g","q","h",11.5,"t","t",7,"g",300,5,2
"g","k","v",6.29,"t","t",15,"g",0,11202,1
"g","m","v",14,"t","t",6,"g",360,1332,1
"g","cc","h",0.335,"t","t",1,"g",80,50,1
"g","q","v",0.04,"t","t",1,"g",200,300,1
"g","cc","v",1.21,"t","t",67,"g",140,258,1
"g","aa","v",1.5,"t","t",12,"g",120,567,1
"g","q","v",7.375,"t","t",3,"g",0,0,1
"g","q","v",8.5,"t","t",5,"g",120,0,1
"g","x","h",7.5,"t","t",6,"g",0,1000,1
"g","m","bb",2.5,"t","t",12,"g",410,2510,1
"g","q","v",2.5,"t","t",7,"g",100,809,1
"g","i","bb",3.25,"t","t",2,"g",274,610,1
"g","w","v",0.835,"t","f",0,"s",280,0,1
"g","e","z",13,"t","t",1,"g",0,0,1
"g","c","v",2.25,"t","t",1,"g",100,150,1
"g","e","bb",6.5,"t","t",6,"g",375,51100,1
"g","c","bb",2.5,"t","t",6,"g",0,367,1
"g","q","h",5.5,"t","t",12,"g",408,1000,1
"g","q","h",6,"t","f",0,"g",350,0,1
"p","aa","v",0.5,"t","t",3,"g",200,1000,1
"g","m","v",4.25,"t","t",6,"g",204,0,1
"g","w","v",1.625,"t","t",6,"g",40,600,1
"g","q","h",5,"t","t",2,"g",0,5000,1
"g","cc","h",0.625,"t","t",9,"g",181,0,1
"g","j","ff",0,"t","t",15,"g",0,247,1
"p","cc","h",1.75,"t","t",8,"g",100,375,1
"g","w","v",2,"t","t",1,"g",80,278,1
"g","cc","h",5.085,"t","t",9,"g",399,827,1
"g","cc","h",2.75,"t","t",6,"g",160,2072,1
"g","q","v",2.375,"t","t",3,"g",0,582,1
"p","q","h",8,"t","t",14,"g",0,2300,1
"g","c","bb",4,"t","t",7,"g",0,3065,1
"g","c","v",5.5,"t","t",14,"g",0,2200,1
"g","cc","h",0.415,"t","t",11,"g",440,6,1
"g","q","v",4,"t","t",14,"g",0,1602,1
"g","m","h",4.25,"t","t",12,"g",93,0,1
"g","c","v",1.085,"t","t",11,"g",60,2184,1
"g","cc","h",5.5,"t","t",3,"g",0,0,1
"p","j","j",0,"t","t",11,"g",0,0,1
"p","x","h",2.54,"t","t",1,"g",70,0,1
"g","e","z",0,"t","t",14,"g",0,3376,1
"g","k","h",4.165,"t","t",2,"g",181,0,1
"p","m","bb",0.04,"t","t",1,"g",280,2000,1
"g","x","h",1,"t","t",4,"g",140,7544,1
"g","m","v",1.75,"t","t",2,"g",0,15,1
"g","x","v",1.665,"t","t",1,"g",395,20,1
"p","e","h",0.04,"t","f",0,"g",393,0,1
"g","q","v",11,"t","f",0,"g",21,10561,1
"g","q","h",1.75,"t","f",0,"g",29,837,1
"g","q","v",1,"t","f",0,"g",60,400,1
"g","cc","v",0.04,"t","f",0,"g",440,11177,1
"g","q","h",9,"t","f",0,"g",102,639,1
"p","d","v",1.5,"f","f",0,"g",431,0,1
"p","aa","v",0.25,"t","f",0,"g",370,0,1
"g","c","bb",15,"t","f",0,"g",0,0,1
"g","k","h",8,"t","f",0,"g",24,2028,1
"g","k","h",8.5,"t","f",0,"g",0,0,1
"g","q","h",1.335,"t","f",0,"g",100,0,1
"p","w","v",0.375,"t","f",0,"g",260,1065,1
"g","aa","v",3,"t","f",0,"s",20,0,1
"g","aa","v",1.415,"t","f",0,"g",160,150,1
"g","q","v",1.21,"t","t",4,"g",60,540,1
"g","aa","v",1.96,"t","t",14,"g",60,158,1
"g","c","bb",15,"t","t",20,"g",0,15000,1
"g","i","bb",0.5,"t","t",4,"s",80,0,1
"g","q","v",0.165,"t","t",3,"g",100,6,1
"g","c","v",5.5,"t","t",7,"g",0,3000,1
"g","q","v",2.585,"t","t",7,"g",129,3257,1
"g","c","h",12.5,"t","t",9,"g",181,1655,1
"g","aa","bb",3.5,"t","t",1,"g",0,500,1
"g","c","v",5,"t","t",7,"g",0,3065,1
"g","c","v",2.5,"t","t",5,"g",300,1430,1
"g","q","h",1.625,"t","t",2,"g",0,0,1
"g","c","v",3,"t","f",0,"g",0,0,1
"g","i","h",5.125,"t","f",0,"g",400,0,1
"g","x","v",2.5,"t","f",0,"g",510,600,1
"p","w","v",3.085,"t","t",6,"g",80,0,1
"p","i","bb",8.5,"t","t",7,"g",195,0,1
"p","c","bb",1.5,"t","t",8,"g",144,7,1
"p","x","v",3.165,"t","t",3,"g",380,0,1
"g","w","h",15.5,"t","t",12,"g",0,790,1
"p","aa","v",2,"t","t",3,"g",370,560,1
"g","x","v",0.04,"t","t",9,"g",60,396,1
"g","q","h",1.25,"t","t",1,"g",0,678,1
"g","i","bb",2.25,"t","f",0,"g",0,300,1
"g","c","v",2.25,"t","t",6,"g",160,600,1
"g","q","v",0.71,"t","t",2,"g",49,0,1
"p","w","v",0.085,"t","t",1,"g",50,1187,1
"g","q","h",14,"t","t",8,"g",0,6590,1
"other","other","other",0,"f","f",0,"p",160,0,1
"g","q","h",5.665,"t","t",6,"g",381,168,1
"g","k","v",4.5,"t","t",7,"g",150,1270,1
"g","c","bb",6.5,"t","t",16,"g",117,1210,1
"g","cc","h",10,"t","t",14,"g",399,0,1
"p","d","v",5.5,"t","f",0,"s",100,0,1
"g","ff","ff",18,"t","t",15,"g",0,1000,1
"g","i","v",3.5,"t","t",9,"g",56,742,1
"p","cc","v",5.25,"t","t",1,"g",211,0,1
"g","aa","v",3.5,"t","f",0,"s",230,0,1
"g","cc","h",7,"t","t",8,"g",320,0,1
"g","ff","ff",5,"t","t",5,"g",0,8851,1
"g","e","v",8.665,"t","t",5,"g",0,0,1
"p","c","v",1,"t","t",4,"g",80,500,1
"g","aa","v",2.29,"t","t",3,"g",156,0,1
"g","e","z",20,"t","t",7,"g",22,0,1
"g","aa","v",1.375,"t","f",0,"g",0,0,1
"g","aa","v",0.085,"t","f",0,"g",100,0,1
"g","q","v",0.125,"t","f",0,"g",228,0,1
"g","c","bb",0.25,"t","f",0,"g",160,0,1
"g","k","v",0.5,"t","f",0,"g",80,0,1
"p","x","v",2.46,"f","f",0,"g",164,0,1
"g","q","v",2,"t","t",2,"g",80,0,1
"g","cc","v",0.665,"t","f",0,"g",100,0,1
"g","cc","v",0.625,"t","t",7,"g",0,7059,1
"g","x","v",13.875,"t","t",2,"g",519,1704,1
"g","x","h",4.5,"t","t",4,"g",253,857,1
"g","w","v",5.75,"t","f",0,"g",487,500,1
"g","i","bb",10,"t","t",13,"g",0,6700,1
"g","q","v",2.085,"t","t",5,"g",220,2503,1
"g","i","bb",0,"t","f",0,"g",0,0,1
"g","aa","v",1.415,"t","t",1,"g",80,9800,1
"g","q","v",4.58,"t","f",0,"s",0,0,1
"g","x","v",2.5,"t","t",6,"g",520,196,1
"p","c","v",2.5,"t","f",0,"s",40,0,1
"g","w","v",1.75,"t","t",3,"g",120,14,1
"g","w","v",11,"t","f",0,"g",70,0,1
"g","q","v",2.71,"t","t",5,"g",160,26726,1
"g","i","v",1.5,"t","t",2,"g",120,300,1
"p","c","h",2.04,"t","t",1,"g",180,18027,1
"g","cc","h",14,"t","t",1,"g",88,2000,1
"g","q","h",0.29,"t","t",11,"g",80,99,1
"g","c","bb",4.75,"t","t",2,"g",73,444,1
"g","x","v",0.29,"t","t",6,"g",121,0,1
"g","e","z",20,"t","t",11,"g",0,1200,1
"g","q","h",5,"t","t",6,"g",470,0,1
"g","x","h",1,"t","t",11,"g",0,3000,1
"g","x","h",0.46,"t","t",1,"g",100,0,1
"g","k","v",0.25,"f","f",0,"g",380,2010,2
"g","c","h",1.085,"f","f",0,"g",320,13,2
"g","c","v",2,"f","f",0,"g",136,0,2
"g","d","v",0.5,"f","f",0,"g",144,0,2
"g","i","v",0.04,"f","f",0,"g",200,1000,2
"p","c","v",0.165,"f","f",0,"g",132,0,2
"g","d","h",5.75,"f","f",0,"g",292,0,2
"p","ff","ff",0,"f","f",0,"g",0,0,2
"g","i","o",0.335,"f","f",0,"g",0,120,2
"p","x","h",0,"f","f",0,"g",154,32,2
"g","ff","ff",0,"f","f",0,"g",145,0,2
"p","c","v",0.04,"f","f",0,"g",140,722,2
"p","e","dd",0,"f","f",0,"g",100,0,2
"g","d","v",1.25,"f","f",0,"g",272,0,2
"g","q","v",0.125,"t","f",0,"g",260,0,1
"g","q","n",0.21,"f","f",0,"g",200,40,1
"other","other","other",0,"f","f",0,"p",160,0,1
"g","c","v",1.25,"f","f",0,"g",280,0,2
"p","m","v",0.04,"f","f",0,"g",140,0,2
"p","k","v",0.125,"f","f",0,"g",160,0,2
"g","cc","h",2.25,"f","f",0,"s",340,0,2
"g","d","v",0.54,"f","f",0,"g",120,0,2
"g","i","h",0.29,"f","f",0,"g",80,484,2
"p","q","h",0.165,"f","f",0,"g",340,0,2
"p","ff","ff",0,"f","f",0,"g",160,0,2
"g","m","v",0.085,"t","f",0,"s",200,0,2
"p","c","h",0.25,"f","f",0,"g",280,204,2
"p","cc","h",0.125,"f","f",0,"g",240,1,2
"g","c","v",0.25,"f","f",0,"s",80,0,2
"g","q","v",0.25,"f","t",1,"g",108,98,2
"g","c","v",0.125,"f","t",2,"g",0,5552,2
"g","w","h",0.165,"f","t",1,"g",120,1,2
"g","ff","ff",0,"f","t",2,"g",200,105,2
"g","w","v",0.29,"f","t",1,"g",340,2803,2
"p","c","v",0.165,"f","t",1,"g",200,1,2
"p","j","j",0,"f","f",0,"g",160,0,2
"g","m","v",0.5,"f","f",0,"s",320,0,2
"g","w","v",1,"f","t",1,"g",120,1,2
"g","w","v",0.165,"f","t",1,"g",272,444,2
"g","w","v",0.125,"f","t",2,"g",220,1,2
"g","ff","ff",0,"f","t",1,"g",160,126,2
"g","ff","ff",3.04,"f","t",2,"g",200,4,2
"g","ff","ff",4,"f","t",1,"g",70,6,2
"g","aa","v",1.75,"f","t",2,"g",720,0,2
"g","aa","v",0.665,"f","t",1,"g",80,21,2
"g","c","v",3.335,"f","t",2,"g",180,173,2
"g","ff","ff",6.5,"f","t",1,"g",0,10,2
"g","d","v",0.25,"f","f",0,"s",280,0,2
"g","c","v",0.5,"f","f",0,"s",280,0,2
"g","q","v",0.085,"f","f",0,"g",120,0,2
"g","q","h",1.5,"f","f",0,"g",280,1,2
"p","ff","ff",0,"t","f",0,"g",0,0,2
"g","ff","ff",4.5,"f","f",0,"g",160,25,2
"g","ff","ff",0.415,"f","f",0,"g",80,0,2
"g","k","h",0.25,"f","f",0,"s",140,0,2
"p","j","j",0,"f","f",0,"g",160,20,2
"g","w","v",1,"f","f",0,"g",360,6,2
"p","c","v",2.335,"f","f",0,"g",112,6,2
"g","aa","v",0.125,"f","f",0,"g",200,1,2
"g","d","v",0.415,"f","f",0,"g",80,42,2
"p","aa","v",0.25,"f","f",0,"g",60,0,2
"g","m","v",0.5,"t","f",0,"s",320,0,2
"p","c","h",0.25,"f","f",0,"g",280,204,2
"gg","ff","o",0,"f","f",0,"p",450,1e+05,1
"p","m","bb",0,"f","f",0,"s",500,1,1
"p","c","v",1.5,"f","f",0,"g",232,113,1
"g","w","v",1.5,"f","f",0,"g",150,8,1
"gg","cc","ff",10,"f","f",0,"s",300,0,1
"g","cc","v",0.375,"f","f",0,"g",300,44,1
"p","k","v",0.25,"t","t",11,"g",380,2732,1
"g","w","v",1.165,"f","f",0,"g",120,0,2
"p","x","v",1,"f","f",0,"g",280,13,2
"p","c","v",0.04,"f","f",0,"g",170,179,2
"g","i","bb",0.5,"f","f",0,"s",1160,0,2
"p","w","v",3,"f","f",0,"s",200,0,2
"p","i","v",0.085,"f","f",0,"g",411,0,2
"other","other","other",0,"f","f",0,"p",160,0,2
"p","c","v",2.5,"f","f",0,"g",0,2,2
"g","c","v",1,"f","f",0,"g",460,16,2
"g","d","v",1,"f","f",0,"g",180,1062,2
"g","cc","bb",0.5,"f","f",0,"g",348,0,2
"g","q","h",0.165,"f","f",0,"g",220,251,2
"g","c","v",1,"f","f",0,"g",0,228,2
"p","i","h",0.5,"f","f",0,"g",160,0,2
"p","aa","v",2,"f","f",0,"g",180,0,2
"g","w","v",0.75,"f","f",0,"g",300,67,2
"g","c","v",3,"f","f",0,"g",480,0,2
"g","aa","v",0.04,"f","f",0,"g",108,100,2
"g","i","bb",0.5,"f","f",0,"g",640,4000,2
"g","i","bb",0,"f","f",0,"g",180,0,2
"g","k","v",0.5,"f","f",0,"g",300,2,2
"g","e","z",0,"f","f",0,"g",0,12,2
"g","c","v",0.25,"f","f",0,"g",372,122,2
"p","c","bb",2.5,"f","f",0,"g",200,1210,2
"g","c","v",0.585,"t","t",3,"g",180,0,2
"g","w","v",2.25,"f","t",1,"g",100,3,2
"g","j","j",0,"f","f",0,"g",276,1,2
"p","ff","ff",0,"f","f",0,"g",100,0,2
"p","m","v",1.5,"f","f",0,"g",0,4000,2
"g","d","v",0.585,"f","f",0,"s",0,0,2
"g","i","v",0.25,"f","f",0,"g",221,0,2
"g","aa","v",1,"f","t",2,"g",320,1,2
"g","d","v",0.165,"f","f",0,"g",168,0,2
"g","q","v",0.04,"f","f",0,"g",380,0,2
"g","d","v",0.165,"f","f",0,"g",120,0,2
"g","ff","ff",0,"f","f",0,"g",160,0,2
"g","k","v",5.5,"f","f",0,"s",100,0,2
"g","ff","ff",0.085,"f","f",0,"g",100,4208,2
"g","k","ff",0,"f","f",0,"g",100,0,2
"p","k","v",0.29,"f","f",0,"s",200,0,2
"g","e","dd",0.165,"f","t",2,"g",320,1300,2
"g","m","v",13.875,"f","t",1,"g",352,112,2
"g","aa","v",0.165,"f","f",0,"g",220,1000,2
"p","m","v",0.165,"f","f",0,"s",400,0,2
"p","k","h",3,"f","f",0,"g",20,16,2
"p","r","n",0.75,"f","f",0,"g",132,2,2
"p","w","v",7,"f","f",0,"g",280,0,2
"g","e","dd",0,"f","f",0,"g",140,1110,2
"g","k","h",1,"f","f",0,"s",240,0,2
"g","w","v",0.125,"f","f",0,"g",100,0,2
"g","aa","v",0.04,"f","f",0,"g",260,1004,2
"p","e","dd",1,"f","f",0,"g",260,0,2
"g","d","v",0.125,"f","f",0,"g",0,286,2
"p","c","v",2,"f","f",0,"s",240,0,2
"g","i","bb",0.125,"f","f",0,"g",440,4500,2
"g","i","bb",4,"f","f",0,"s",420,0,2
"g","i","bb",2.25,"f","f",0,"g",141,0,2
"g","c","v",0.165,"f","f",0,"g",160,0,2
"p","i","bb",4.5,"f","f",0,"g",200,456,2
"p","ff","ff",5,"f","f",0,"g",0,4,2
"g","k","v",1.585,"f","f",0,"g",100,1212,2
"p","c","v",1.5,"f","f",0,"g",60,0,2
"p","aa","v",0.54,"f","f",0,"g",120,67,2
"g","c","v",0.5,"f","f",0,"s",0,0,2
"g","i","bb",0,"f","f",0,"g",178,0,2
"g","m","v",0.085,"f","f",0,"s",0,0,2
"g","e","v",1,"f","f",0,"g",600,0,2
"g","i","bb",0.21,"f","f",0,"g",550,0,2
"g","aa","bb",0.25,"f","f",0,"g",720,0,2
"g","m","v",1,"f","f",0,"g",120,1,2
"p","w","v",0.25,"f","f",0,"g",0,195,2
"g","d","v",0.54,"f","f",0,"g",0,0,2
"p","x","h",0.04,"f","f",0,"g",128,1,2
"p","ff","ff",0.125,"f","f",0,"g",120,87,2
"p","k","h",1.25,"f","f",0,"g",0,17,2
"g","c","v",0.085,"f","f",0,"g",300,0,2
"p","j","v",0.29,"f","f",0,"g",140,184,2
"g","c","v",0.29,"f","f",0,"g",220,140,2
"g","i","bb",3.085,"f","f",0,"g",73,0,2
"g","q","v",0.75,"f","f",0,"s",160,0,2
"p","i","bb",1.085,"f","f",0,"g",480,0,2
"g","ff","ff",0,"f","f",0,"s",0,0,2
"p","k","v",0.165,"f","t",2,"g",160,18,2
"p","c","v",1,"f","t",1,"g",2000,2,2
"g","w","v",0.085,"f","t",1,"g",0,6,2
"g","q","v",0.335,"f","t",4,"g",160,8,2
"g","ff","ff",0,"f","t",5,"g",176,146,2
"g","c","v",1.25,"f","t",1,"g",0,22,2
"g","i","v",0.085,"f","f",0,"g",144,0,2
"g","i","bb",0,"f","f",0,"s",300,0,2
"g","k","v",0.125,"f","f",0,"g",280,55,2
"p","ff","ff",3.25,"f","f",0,"g",280,0,2
"p","k","v",0.125,"f","f",0,"g",200,70,2
"g","c","v",0.54,"f","f",0,"g",136,1,2
"g","c","v",0.375,"f","t",2,"g",225,500,2
"p","ff","ff",0,"f","f",0,"g",180,60,2
"g","i","v",1,"f","f",0,"g",210,0,2
"g","q","v",1.5,"f","f",0,"g",108,7,2
"g","w","v",1.75,"f","f",0,"g",200,0,2
"g","cc","v",1.165,"f","f",0,"g",100,0,2
"g","c","v",1.5,"f","f",0,"p",120,0,2
"g","c","v",0.25,"f","f",0,"g",110,0,2
"g","w","v",0.25,"f","f",0,"g",180,50,2
"g","e","v",0.04,"f","f",0,"g",120,5,2
"g","ff","ff",0.29,"f","f",0,"g",200,3,2
"p","cc","v",0.085,"f","f",0,"g",180,0,2
"p","ff","ff",1.5,"f","f",0,"g",180,4,2
"p","c","v",0.165,"f","f",0,"g",160,1058,2
"g","k","v",0.085,"f","f",0,"g",356,0,2
"g","aa","v",0.5,"f","f",0,"g",200,0,2
"g","c","v",2.415,"f","f",0,"g",320,0,2
"p","ff","ff",0,"f","t",4,"g",45,1,2
"g","ff","ff",0,"f","t",3,"g",350,769,2
"g","ff","ff",0,"f","f",0,"s",62,27,2
"g","ff","ff",0,"f","t",1,"g",92,300,2
"g","k","v",0.375,"f","t",2,"g",174,3,2
"g","k","v",1,"f","t",11,"s",0,0,2
"g","ff","ff",0,"f","t",2,"g",17,1,2
"p","m","v",0.125,"f","f",0,"s",80,0,2
"g","k","v",0.04,"f","f",0,"g",160,40,2
"p","j","ff",0,"f","f",0,"g",86,0,2
"g","ff","ff",0,"f","f",0,"g",160,5200,2
"g","c","v",0.165,"f","f",0,"g",132,0,2
"g","ff","ff",0,"f","f",0,"g",340,1,2
"g","ff","ff",0,"f","t",1,"g",96,19,2
"g","c","v",0.5,"f","f",0,"g",0,0,2
"p","i","bb",7,"f","f",0,"g",0,1,2
"g","c","v",1.5,"f","f",0,"g",0,316,2
"g","q","v",3.5,"f","f",0,"g",454,50,2
"g","w","v",0.25,"f","f",0,"g",300,0,2
"g","d","v",3.75,"f","f",0,"g",0,350,2
"g","w","v",0.085,"f","f",0,"g",320,3552,2
"other","other","other",0,"f","f",0,"p",160,0,2
"p","c","v",0.04,"f","f",0,"g",240,0,2
"g","i","bb",5,"f","f",0,"g",210,687,2
"p","c","v",1.5,"f","f",0,"g",160,0,2
"p","c","v",0,"f","f",0,"g",120,0,2
"g","m","v",0.085,"f","t",4,"g",254,1950,2
"g","c","v",0.125,"f","f",0,"g",360,0,2
"g","ff","ff",0,"f","t",10,"g",200,18,2
"g","j","j",0,"f","t",1,"g",200,53,2
"g","m","v",2.79,"f","t",1,"g",280,10,2
"g","c","v",2.5,"f","t",2,"g",160,41,2
"g","w","h",0.04,"f","t",3,"g",0,33,2
"g","k","v",0.75,"f","f",0,"g",180,0,2
"g","i","h",0.415,"f","f",0,"g",120,0,2
"g","k","h",0.085,"f","f",0,"g",320,5,2
"p","i","h",0.04,"f","f",0,"g",140,100,2
"g","i","v",0.125,"f","f",0,"g",60,100,2
"p","i","v",1,"f","f",0,"g",360,1000,2
"g","c","v",0.125,"f","f",0,"g",0,44,2
"g","d","v",0.75,"f","f",0,"g",80,0,2
"g","i","h",0.085,"f","f",0,"g",220,5,2
"p","i","h",10,"f","f",0,"s",200,0,2
"g","i","v",0.415,"f","f",0,"g",0,0,2
"p","other","other",0.085,"f","f",0,"s",80,0,2
"g","i","v",0.165,"f","t",6,"g",240,35,2
"p","k","v",0.415,"f","t",1,"g",280,80,2
"g","aa","v",1.75,"f","t",10,"g",0,10,2
"p","c","v",0.04,"f","t",2,"g",128,6,2
"g","m","v",1.165,"f","f",0,"s",28,0,2
"p","ff","ff",0.04,"f","t",2,"g",0,351,2
"p","k","v",0.085,"f","f",0,"g",216,2100,2
"p","aa","v",0.04,"f","f",0,"g",120,475,2
"p","ff","ff",0,"f","f",0,"g",180,1,2
"g","q","v",0.125,"f","f",0,"g",263,0,2
"g","q","h",2.75,"t","t",1,"g",333,892,1
"g","q","v",4.625,"t","t",2,"g",520,2000,1
"g","m","v",6.5,"t","t",14,"g",240,4607,1
"g","c","h",6,"t","f",0,"g",340,0,1
"p","c","h",3,"t","f",0,"g",240,0,1
"g","w","v",1.5,"t","f",0,"g",120,2206,1
"g","x","h",1.04,"t","f",0,"g",160,5860,1
"g","c","v",1.665,"t","t",3,"g",40,28,1
"g","c","v",1.46,"t","t",5,"g",312,0,1
"g","c","v",1.625,"t","t",3,"g",200,1391,1
"g","x","v",5,"t","t",3,"g",290,2279,1
"g","cc","v",3.5,"t","t",10,"g",0,0,1
"g","ff","ff",0,"t","t",1,"g",232,100,1
"g","x","v",4.75,"t","t",2,"g",420,7,1
"g","c","v",1.085,"t","t",1,"g",371,0,1
"g","c","v",7,"t","t",16,"g",0,5000,1
"g","aa","v",0.75,"t","t",2,"g",88,591,1
"g","q","h",1.835,"t","t",19,"g",0,500,1
"g","c","v",2,"t","t",1,"g",220,19,1
"p","w","v",2.25,"t","t",1,"g",80,300,1
"p","w","v",1.75,"t","t",2,"g",120,1000,1
"g","j","j",0,"t","f",0,"g",100,960,1
"g","c","v",2.5,"t","f",0,"g",0,0,1
"g","e","dd",0,"t","f",0,"g",0,0,1
"p","c","h",2.585,"t","f",0,"g",0,0,1
"g","x","v",6.5,"t","f",0,"g",0,0,1
"g","aa","v",4,"t","t",4,"g",0,99,1
"g","c","v",1.75,"t","t",5,"g",352,690,1
"g","q","v",0.585,"t","t",4,"g",80,0,1
"g","x","v",0.125,"t","t",5,"g",480,0,1
"g","k","v",1.5,"t","t",1,"g",160,234,1
"g","e","dd",2.25,"t","t",5,"g",99,500,1
"g","m","v",1.29,"t","t",1,"g",260,800,1
"g","q","v",1.75,"t","t",10,"g",80,990,2
"g","q","v",2.415,"t","f",0,"g",440,0,2
"g","c","v",2.5,"t","f",0,"g",140,0,2
"g","k","v",0.21,"t","f",0,"g",160,0,2
"g","i","bb",1,"t","f",0,"g",252,2197,2
"g","k","h",6.75,"t","t",3,"g",100,50,2
"g","q","h",0.21,"t","t",1,"g",760,90,2
"g","c","h",2.75,"t","f",0,"g",360,1,2
"g","aa","h",1.75,"t","f",0,"g",400,0,2
"g","i","bb",0.75,"t","f",0,"g",560,0,2
"g","ff","ff",0,"t","f",0,"g",130,1,2
"g","aa","v",7.5,"t","f",0,"g",523,0,2
"p","ff","ff",0,"t","f",0,"g",320,0,2
"g","ff","ff",0,"t","f",0,"g",80,0,2
"g","x","h",3.75,"t","f",0,"g",680,0,2
"g","w","bb",0.25,"t","f",0,"g",163,0,2
"g","other","other",0.54,"t","f",0,"g",0,340,2
"p","cc","v",2,"t","f",0,"g",100,20,2
"g","i","bb",1,"t","f",0,"g",0,200,2
"p","k","h",0.835,"t","f",0,"g",140,0,2
"g","w","v",1.165,"t","f",0,"g",200,0,2
"p","i","bb",0.5,"t","t",10,"g",132,28,2
"p","d","v",1.5,"t","f",0,"s",0,0,2
"p","w","v",2.625,"t","t",6,"g",208,347,2
"g","d","h",1.875,"t","t",6,"g",200,327,1
"g","x","v",0.75,"t","t",7,"g",340,4071,1
"g","m","v",16,"t","f",0,"s",110,0,1
"g","e","z",12.75,"t","t",1,"g",0,109,1
"g","i","bb",0,"t","t",11,"g",0,1249,1
"g","r","n",5.375,"t","t",9,"g",0,134,1
"g","w","v",4,"t","t",14,"g",383,1344,1
"p","x","h",0.75,"t","t",4,"g",0,321,1
"g","c","h",0.21,"t","t",6,"g",220,948,1
"g","w","v",7.5,"t","t",2,"g",330,0,1
"g","w","v",1.085,"t","t",16,"g",120,2079,1
"g","x","h",0.04,"t","f",0,"g",0,3000,1
"g","q","h",2.29,"t","t",7,"g",140,2384,1
"g","cc","h",3.5,"t","t",6,"g",400,458,1
"g","x","h",1.25,"t","f",0,"g",0,5298,1
"g","c","h",1.415,"t","f",0,"g",422,200,1
"g","q","h",1.585,"t","f",0,"g",120,0,1
"g","q","h",12.75,"t","f",0,"g",92,0,1
"g","aa","v",0.04,"t","f",0,"g",100,0,1
"g","w","h",2.125,"t","t",11,"g",290,284,1
"g","x","h",0.875,"t","f",0,"g",360,0,1
"p","c","v",0.375,"t","t",8,"g",300,162,1
"g","aa","v",0.75,"t","t",4,"g",0,1583,1
"g","w","v",1.75,"t","t",5,"g",60,58,1
"p","d","v",1.085,"t","t",8,"g",160,1,1
"p","x","v",0.04,"t","t",1,"g",840,59,1
"g","ff","ff",0,"t","t",11,"g",0,1400,1
"g","c","h",1,"t","t",4,"g",50,1465,1
"p","c","h",3.25,"t","t",1,"g",432,8000,1
"g","c","v",1.75,"t","t",11,"g",32,540,1
"g","c","v",1,"t","t",3,"g",0,0,1
"g","c","v",1.5,"t","t",10,"g",186,4700,1
"g","m","v",1.29,"t","t",5,"g",108,1097,1
"g","x","v",1.335,"t","t",8,"g",303,3290,1
"g","e","v",0.04,"f","t",1,"s",560,0,1
"g","m","v",0.125,"t","f",0,"g",225,0,1
"p","w","h",5.25,"t","f",0,"g",154,0,1
"p","e","z",0,"t","f",0,"g",0,13212,1
"g","ff","ff",0,"t","f",0,"g",0,0,1
"g","x","h",17.5,"t","t",9,"g",0,1000,1
"g","c","v",8.5,"t","t",9,"g",0,0,1
"p","c","v",1,"t","t",5,"g",160,5777,1
"g","c","v",0.29,"t","t",7,"g",96,5124,1
"g","cc","v",3.125,"t","t",8,"g",330,1200,1
"g","c","h",4.25,"t","t",3,"g",312,150,1
"other","other","other",0,"f","f",0,"p",160,0,1
"g","w","v",0.085,"f","f",0,"g",290,6,1
"g","k","v",0.085,"t","f",0,"g",280,0,1
"g","c","bb",0.25,"t","f",0,"g",349,23,1
"g","c","v",2.375,"t","t",8,"g",396,4159,1
"g","aa","v",2.5,"t","t",3,"g",80,918,1
"g","q","v",1,"f","t",1,"g",240,768,1
"g","c","v",2,"t","t",11,"g",200,3000,1
"g","k","v",0.54,"t","t",4,"g",380,500,1
"p","other","other",0,"f","f",0,"g",150,1,2
"p","k","v",0.25,"f","f",0,"g",224,0,2
"g","q","v",0.125,"f","f",0,"g",200,0,2
"g","c","h",0.085,"t","f",0,"g",180,0,2
"p","k","v",1.25,"f","f",0,"g",280,0,2
"g","c","v",0.04,"f","f",0,"g",0,0,1
"g","k","v",0.5,"f","f",0,"g",232,0,2
"p","d","v",4.25,"f","f",0,"g",460,0,2
"g","x","bb",0.085,"f","f",0,"g",520,0,2
"p","k","v",0.125,"f","f",0,"g",140,4,2
"p","q","h",5.085,"f","t",2,"g",369,1,2
"g","w","v",0.29,"f","t",1,"g",420,283,2
"g","c","bb",0.585,"f","t",2,"g",200,7,2
"g","c","v",0.125,"f","f",0,"g",160,0,2
"g","c","h",0.25,"f","t",2,"g",400,108,2
"g","i","v",1.585,"f","t",1,"g",400,9,2
"p","ff","ff",0,"f","t",2,"g",160,1,2
"g","m","v",2,"f","t",1,"g",460,68,2
"p","aa","v",0.125,"t","f",0,"g",120,375,2
"g","i","v",0.125,"f","f",0,"g",160,10,2
"g","c","j",2.25,"f","f",0,"s",0,0,1
"other","other","other",0,"f","f",0,"p",160,0,1
"g","q","v",0.665,"f","f",0,"g",160,1,2
"p","cc","v",0.665,"f","f",0,"g",160,0,2
"g","c","v",2.085,"f","f",0,"s",80,0,2
"p","i","bb",0.165,"f","f",0,"g",160,0,2
"g","ff","ff",0,"f","f",0,"g",0,1000,2
"g","d","h",0.5,"f","f",0,"g",228,0,2
"g","w","v",1.665,"f","f",0,"g",220,5,2
"g","q","v",0.25,"f","f",0,"g",120,809,2
"g","m","h",0.125,"f","t",1,"g",272,108,2
"g","ff","ff",0,"f","f",0,"g",76,0,2
"p","k","ff",0,"f","f",0,"g",120,0,2
"g","w","v",0.25,"f","t",1,"g",240,4,2
"g","c","n",0.96,"f","t",2,"g",160,587,2
"p","m","v",0.5,"f","f",0,"g",130,0,2
"g","aa","v",0.79,"f","f",0,"g",80,350,2
"g","aa","v",0.25,"f","f",0,"g",100,0,2
"g","k","v",1.5,"f","f",0,"g",231,0,2
"g","i","bb",2.5,"f","f",0,"g",232,200,2
"p","cc","v",3.5,"f","f",0,"g",200,141,2
"p","aa","v",3.5,"f","f",0,"g",320,0,2
"g","aa","h",3,"f","f",0,"g",0,0,2
"p","w","v",0.29,"f","f",0,"g",309,2,2
"g","cc","v",0.165,"f","f",0,"g",0,501,2
"g","c","v",0.165,"f","f",0,"g",0,351,2
"g","aa","v",0.25,"f","f",0,"g",0,0,2
"g","k","h",3.5,"f","f",0,"g",340,0,2
"g","ff","ff",0,"f","t",6,"g",0,200,2
"g","i","bb",1,"f","f",0,"g",100,2,2
"g","q","v",0.125,"f","t",1,"g",0,160,2
"g","i","v",0.335,"f","f",0,"s",144,0,2
"g","i","v",0.5,"t","f",0,"g",100,68,2
"g","q","v",0.415,"f","t",1,"g",200,11,2
"p","ff","ff",0,"f","f",0,"g",0,0,2
"g","c","h",2.29,"f","t",1,"g",416,21,2
"g","aa","v",0.25,"f","f",0,"g",0,390,2
"g","c","v",1,"f","f",0,"g",120,18,2
"g","c","v",0.25,"f","t",1,"g",40,154,2
"g","aa","v",0.085,"f","f",0,"g",0,0,2
"g","c","v",0.165,"f","f",0,"g",216,0,2
"g","w","v",0.875,"f","f",0,"g",160,0,2
"p","cc","v",1.5,"f","f",0,"g",120,0,2
"p","w","v",0.04,"f","f",0,"s",160,0,2
"p","m","v",0.04,"f","f",0,"g",0,0,2
"g","c","v",0.25,"f","f",0,"g",180,0,2
"g","c","v",1.75,"f","t",1,"g",80,5,2
"g","d","h",0.085,"f","f",0,"s",252,0,2
"p","ff","ff",1.5,"f","f",0,"g",120,1,2
"g","w","v",5.5,"f","f",0,"g",465,150,2
"g","cc","v",0.5,"f","f",0,"g",0,2,2
"g","aa","v",0.5,"f","f",0,"g",240,117,2
"p","e","h",2,"f","f",0,"g",256,17,2
"g","i","h",0.21,"f","f",0,"g",260,246,2
"g","aa","v",0.665,"f","f",0,"g",240,237,2
"g","q","h",0.085,"f","t",12,"g",129,3,2
"g","m","v",0.04,"f","t",1,"g",100,1,2
"g","ff","ff",0,"f","f",0,"g",0,50,2
"g","c","v",0,"f","f",0,"g",0,0,2
"g","k","v",0.29,"f","f",0,"g",280,364,2
"p","d","h",3,"f","f",0,"g",176,537,2
"g","i","v",0.335,"f","f",0,"g",140,2,2
"p","d","v",0.585,"f","f",0,"g",240,3,2
"g","m","v",3.5,"f","f",0,"s",400,0,2
"p","e","h",1.25,"f","f",0,"g",260,0,2
"g","c","v",2,"f","t",2,"g",200,394,2
"p","ff","ff",2,"f","t",1,"g",200,1,2
"g","aa","v",0.04,"f","f",0,"g",280,750,2
"g","c","h",8.29,"f","f",0,"g",0,0,2
