"A3","A5","A6","A7","A8","A9","A10","A11","A14","A15","class"
0,"g","w","v",1.25,"t","t",1,202,0,1
4.46,"g","q","h",3.04,"t","t",6,43,560,1
0.5,"g","q","h",1.5,"t","f",0,280,824,1
1.54,"g","w","v",3.75,"t","t",5,100,3,1
5.625,"g","w","v",1.71,"t","f",0,120,0,1
4,"g","m","v",2.5,"t","f",0,360,0,1
1.04,"g","r","h",6.5,"t","f",0,164,31285,1
11.585,"g","cc","v",0.04,"t","f",0,80,1349,1
0.5,"p","k","h",3.96,"t","f",0,180,314,1
4.915,"p","w","v",3.165,"t","f",0,52,1442,1
0.83,"g","c","h",2.165,"f","f",0,128,0,1
1.835,"g","c","h",4.335,"t","f",0,260,200,1
6,"g","k","v",1,"t","f",0,0,0,1
6.04,"g","k","v",0.04,"f","f",0,0,2690,1
10.5,"g","q","v",5,"t","t",7,0,0,1
4.415,"p","k","v",0.25,"t","t",10,320,0,1
0.875,"g","m","v",0.96,"t","t",3,396,0,1
5.875,"g","q","v",3.17,"t","t",10,120,245,1
0.25,"g","d","h",0.665,"t","f",0,0,0,1
8.585,"g","cc","h",0.75,"t","t",7,96,0,1
11.25,"g","c","v",2.5,"t","t",17,200,1208,1
1,"g","c","v",0.835,"t","f",0,300,0,1
8,"g","c","v",7.875,"t","t",6,0,1260,1
14.5,"g","x","h",3.085,"t","t",1,120,11,1
6.5,"g","q","v",0.5,"t","t",3,145,0,1
0.585,"g","c","h",1.5,"t","t",2,100,0,1
13,"g","i","bb",5.165,"t","t",9,0,0,1
18.5,"g","d","bb",15,"t","t",17,0,0,1
8.5,"g","e","h",7,"t","t",3,0,0,1
1.04,"g","w","v",5,"t","t",6,500,10000,1
14.79,"g","aa","v",5.04,"t","t",5,168,0,1
9.79,"g","x","h",7.96,"t","t",8,0,0,1
7.585,"g","i","bb",7.585,"t","t",15,0,5000,1
5.125,"g","e","v",5,"t","f",0,0,4000,1
10.75,"g","q","v",0.415,"t","t",5,0,560,1
1.5,"g","w","v",2,"t","t",11,434,35,1
1.585,"g","cc","h",1.835,"t","t",12,583,713,1
11.75,"g","x","h",0.5,"t","t",2,300,551,1
0.585,"p","cc","v",0.25,"t","t",2,260,500,1
9.415,"g","ff","ff",14.415,"t","t",11,30,300,1
9.17,"g","c","v",4.5,"t","t",12,0,221,1
15,"g","c","h",5.335,"t","t",11,0,2283,1
1.415,"g","w","h",0.75,"t","t",1,240,100,1
13.915,"g","w","v",8.625,"t","t",6,70,0,1
28,"p","c","v",28.5,"t","t",40,0,15,1
6.75,"g","c","h",2.625,"t","t",11,0,284,1
2.04,"p","q","h",0.125,"t","t",23,455,1236,1
4.46,"g","cc","h",6.04,"t","t",3,311,300,1
1.54,"g","i","bb",3.5,"f","f",0,216,0,1
0.665,"g","c","v",0.165,"f","f",0,100,0,1
0.5,"g","c","h",0.875,"t","f",0,491,0,1
1,"g","q","v",1.75,"t","f",0,280,0,1
2.04,"g","w","v",0.04,"t","f",0,400,5800,1
2.5,"g","w","v",0,"t","f",0,239,200,1
3,"g","cc","h",7.415,"t","f",0,0,0,1
11.625,"p","w","v",0.835,"t","f",0,160,300,1
0,"g","cc","v",0.085,"t","f",0,0,0,1
0.5,"g","i","h",5,"t","f",0,320,0,1
4.5,"g","x","h",5.75,"f","f",0,711,0,1
3,"g","q","h",6,"t","t",11,80,0,1
12.25,"g","m","v",1.25,"t","t",4,200,0,1
16.165,"g","d","v",3,"t","t",9,250,730,1
0.79,"p","q","v",1.5,"t","t",2,80,400,1
0.835,"g","q","v",1.585,"t","t",1,0,0,1
4.25,"g","cc","v",4.29,"t","t",1,120,0,1
1.54,"g","cc","v",1.54,"t","t",1,520,50000,1
1,"g","c","v",2,"t","t",11,0,456,1
0.375,"g","m","v",0.25,"t","t",3,260,15108,1
6.5,"g","w","h",1.46,"t","t",7,80,2954,1
25.125,"g","x","h",1.625,"t","t",1,515,500,1
7.5,"g","e","bb",1.585,"t","f",0,420,0,2
4,"g","d","bb",12.5,"t","f",0,160,0,2
5,"g","cc","v",13.5,"t","f",0,980,0,2
0.5,"g","m","v",10.75,"t","f",0,400,0,2
7,"p","c","v",1.625,"f","f",0,160,2,2
5.29,"g","q","v",0.375,"t","t",1,160,0,2
6.5,"g","aa","v",0.125,"t","f",0,443,0,2
0.585,"p","aa","v",0.585,"t","f",0,160,0,2
1.165,"p","k","v",2.5,"t","t",1,180,20,2
9.75,"g","c","v",0.25,"t","f",0,140,0,2
19,"g","ff","ff",0,"t","t",1,94,0,2
1.5,"g","m","v",2,"t","f",0,368,0,2
0.5,"g","m","v",0.25,"t","f",0,288,0,2
3.5,"g","d","v",3,"t","f",0,300,0,2
0.625,"g","aa","v",0.455,"t","f",0,200,0,2
4,"g","c","bb",5,"t","f",0,280,0,2
0.375,"g","d","v",0.875,"t","f",0,928,0,2
2.21,"p","aa","v",4,"t","f",0,188,0,2
4.5,"g","aa","v",1,"t","f",0,240,0,2
1.5,"g","j","j",0,"t","f",0,100,27,2
12.75,"p","c","h",5,"t","f",0,112,0,2
15.5,"g","c","v",0.5,"t","f",0,120,0,2
5,"p","aa","v",8.5,"t","f",0,0,0,2
1.375,"p","c","h",9.46,"t","f",0,200,100,2
1.5,"p","c","v",1.5,"t","f",0,0,225,2
3.54,"g","i","bb",0.5,"t","f",0,171,0,2
0.625,"p","aa","v",0.125,"t","f",0,180,1,2
0.5,"g","c","bb",0.835,"t","f",0,320,0,2
11,"p","q","v",3,"t","f",0,268,0,2
1,"g","q","v",1,"t","t",2,167,500,2
1.75,"p","c","bb",0.25,"t","f",0,164,400,2
16.5,"p","c","v",4,"t","f",0,80,0,2
5,"g","q","v",0.375,"t","t",2,0,38,2
12,"g","k","v",2.25,"t","t",2,120,5,2
4,"p","i","h",5.75,"t","t",2,75,0,2
15.5,"g","e","z",0,"t","t",20,152,130,2
1.165,"g","k","v",0.5,"t","f",0,280,0,2
11,"p","aa","v",4.5,"t","f",0,120,0,2
2.25,"p","x","h",10,"t","f",0,176,0,2
0.75,"g","c","v",0.795,"t","t",5,140,5,2
3.5,"g","w","v",3.5,"t","t",3,329,0,2
1.04,"p","ff","ff",0.5,"t","t",3,180,147,2
12.5,"g","w","v",0.875,"t","f",0,260,0,2
0.75,"g","k","bb",1,"t","t",3,212,0,2
1.25,"p","c","h",1.375,"t","t",3,140,210,2
1.125,"g","q","v",1.29,"t","t",2,200,0,2
7,"g","q","h",11.5,"t","t",7,300,5,2
6.5,"g","k","v",6.29,"t","t",15,0,11202,1
7.04,"g","m","v",14,"t","t",6,360,1332,1
10.335,"g","cc","h",0.335,"t","t",1,80,50,1
6.21,"g","q","v",0.04,"t","t",1,200,300,1
12.5,"g","cc","v",1.21,"t","t",67,140,258,1
12.5,"g","aa","v",1.5,"t","t",12,120,567,1
6.665,"g","q","v",7.375,"t","t",3,0,0,1
9,"g","q","v",8.5,"t","t",5,120,0,1
5,"g","x","h",7.5,"t","t",6,0,1000,1
2.5,"g","m","bb",2.5,"t","t",12,410,2510,1
11,"g","q","v",2.5,"t","t",7,100,809,1
4.25,"g","i","bb",3.25,"t","t",2,274,610,1
3.5,"g","w","v",0.835,"t","f",0,280,0,1
5.5,"g","e","z",13,"t","t",1,0,0,1
1.835,"g","c","v",2.25,"t","t",1,100,150,1
8,"g","e","bb",6.5,"t","t",6,375,51100,1
5,"g","c","bb",2.5,"t","t",6,0,367,1
5.5,"g","q","h",5.5,"t","t",12,408,1000,1
6.5,"g","q","h",6,"t","f",0,350,0,1
0.54,"p","aa","v",0.5,"t","t",3,200,1000,1
2.75,"g","m","v",4.25,"t","t",6,204,0,1
9.5,"g","w","v",1.625,"t","t",6,40,600,1
13.5,"g","q","h",5,"t","t",2,0,5000,1
3.75,"g","cc","h",0.625,"t","t",9,181,0,1
16,"g","j","ff",0,"t","t",15,0,247,1
0.29,"p","cc","h",1.75,"t","t",8,100,375,1
11,"g","w","v",2,"t","t",1,80,278,1
1.665,"g","cc","h",5.085,"t","t",9,399,827,1
2.5,"g","cc","h",2.75,"t","t",6,160,2072,1
1.5,"g","q","v",2.375,"t","t",3,0,582,1
7.54,"p","q","h",8,"t","t",14,0,2300,1
6.5,"g","c","bb",4,"t","t",7,0,3065,1
15,"g","c","v",5.5,"t","t",14,0,2200,1
0.46,"g","cc","h",0.415,"t","t",11,440,6,1
10,"g","q","v",4,"t","t",14,0,1602,1
6.5,"g","m","h",4.25,"t","t",12,93,0,1
2.5,"g","c","v",1.085,"t","t",11,60,2184,1
1.5,"g","cc","h",5.5,"t","t",3,0,0,1
11.5,"p","j","j",0,"t","t",11,0,0,1
3.04,"p","x","h",2.54,"t","t",1,70,0,1
15,"g","e","z",0,"t","t",14,0,3376,1
2,"g","k","h",4.165,"t","t",2,181,0,1
0.08,"p","m","bb",0.04,"t","t",1,280,2000,1
2,"g","x","h",1,"t","t",4,140,7544,1
2,"g","m","v",1.75,"t","t",2,0,15,1
1.71,"g","x","v",1.665,"t","t",1,395,20,1
1.75,"p","e","h",0.04,"t","f",0,393,0,1
16.5,"g","q","v",11,"t","f",0,21,10561,1
10,"g","q","h",1.75,"t","f",0,29,837,1
9.5,"g","q","v",1,"t","f",0,60,400,1
0.54,"g","cc","v",0.04,"t","f",0,440,11177,1
3.25,"g","q","h",9,"t","f",0,102,639,1
1.125,"p","d","v",1.5,"f","f",0,431,0,1
2.54,"p","aa","v",0.25,"t","f",0,370,0,1
0,"g","c","bb",15,"t","f",0,0,0,1
12.5,"g","k","h",8,"t","f",0,24,2028,1
13.585,"g","k","h",8.5,"t","f",0,0,0,1
10.5,"g","q","h",1.335,"t","f",0,100,0,1
1.5,"p","w","v",0.375,"t","f",0,260,1065,1
12.5,"g","aa","v",3,"t","f",0,20,0,1
8.665,"g","aa","v",1.415,"t","f",0,160,150,1
9.25,"g","q","v",1.21,"t","t",4,60,540,1
8.17,"g","aa","v",1.96,"t","t",14,60,158,1
0.29,"g","c","bb",15,"t","t",20,0,15000,1
2.335,"g","i","bb",0.5,"t","t",4,80,0,1
3,"g","q","v",0.165,"t","t",3,100,6,1
19.5,"g","c","v",5.5,"t","t",7,0,3000,1
5.665,"g","q","v",2.585,"t","t",7,129,3257,1
8.5,"g","c","h",12.5,"t","t",9,181,1655,1
6.5,"g","aa","bb",3.5,"t","t",1,0,500,1
5,"g","c","v",5,"t","t",7,0,3065,1
1.04,"g","c","v",2.5,"t","t",5,300,1430,1
4.625,"g","q","h",1.625,"t","t",2,0,0,1
10.5,"g","c","v",3,"t","f",0,0,0,1
0.205,"g","i","h",5.125,"t","f",0,400,0,1
0.96,"g","x","v",2.5,"t","f",0,510,600,1
1.585,"p","w","v",3.085,"t","t",6,80,0,1
4.04,"p","i","bb",8.5,"t","t",7,195,0,1
5.04,"p","c","bb",1.5,"t","t",8,144,7,1
3.165,"p","x","v",3.165,"t","t",3,380,0,1
7.625,"g","w","h",15.5,"t","t",12,0,790,1
2.04,"p","aa","v",2,"t","t",3,370,560,1
10.04,"g","x","v",0.04,"t","t",9,60,396,1
0.5,"g","q","h",1.25,"t","t",1,0,678,1
1,"g","i","bb",2.25,"t","f",0,0,300,1
2.75,"g","c","v",2.25,"t","t",6,160,600,1
10.25,"g","q","v",0.71,"t","t",2,49,0,1
2.125,"p","w","v",0.085,"t","t",1,50,1187,1
12,"g","q","h",14,"t","t",8,0,6590,1
0,"g","c","v",0,"f","f",0,160,0,1
9.335,"g","q","h",5.665,"t","t",6,381,168,1
2.5,"g","k","v",4.5,"t","t",7,150,1270,1
4.25,"g","c","bb",6.5,"t","t",16,117,1210,1
5.875,"g","cc","h",10,"t","t",14,399,0,1
6.625,"p","d","v",5.5,"t","f",0,100,0,1
14.5,"g","ff","ff",18,"t","t",15,0,1000,1
11.5,"g","i","v",3.5,"t","t",9,56,742,1
2.71,"p","cc","v",5.25,"t","t",1,211,0,1
3.5,"g","aa","v",3.5,"t","f",0,230,0,1
4.04,"g","cc","h",7,"t","t",8,320,0,1
11.5,"g","ff","ff",5,"t","t",5,0,8851,1
9.625,"g","e","v",8.665,"t","t",5,0,0,1
9.25,"p","c","v",1,"t","t",4,80,500,1
12.54,"g","aa","v",2.29,"t","t",3,156,0,1
11,"g","e","z",20,"t","t",7,22,0,1
9,"g","aa","v",1.375,"t","f",0,0,0,1
9.54,"g","aa","v",0.085,"t","f",0,100,0,1
5.5,"g","q","v",0.125,"t","f",0,228,0,1
4,"g","c","bb",0.25,"t","f",0,160,0,1
5.5,"g","k","v",0.5,"t","f",0,80,0,1
8.46,"p","x","v",2.46,"f","f",0,164,0,1
0.375,"g","q","v",2,"t","t",2,80,0,1
11,"g","cc","v",0.665,"t","f",0,100,0,1
3.5,"g","cc","v",0.625,"t","t",7,0,7059,1
3,"g","x","v",13.875,"t","t",2,519,1704,1
1.75,"g","x","h",4.5,"t","t",4,253,857,1
13.75,"g","w","v",5.75,"t","f",0,487,500,1
21,"g","i","bb",10,"t","t",13,0,6700,1
1.835,"g","q","v",2.085,"t","t",5,220,2503,1
0.25,"g","i","bb",0,"t","f",0,0,0,1
7.5,"g","aa","v",1.415,"t","t",1,80,9800,1
4.625,"g","q","v",4.58,"t","f",0,0,0,1
10.125,"g","x","v",2.5,"t","t",6,520,196,1
10,"p","c","v",2.5,"t","f",0,40,0,1
25.085,"g","w","v",1.75,"t","t",3,120,14,1
5,"g","w","v",11,"t","f",0,70,0,1
7.5,"g","q","v",2.71,"t","t",5,160,26726,1
2,"g","i","v",1.5,"t","t",2,120,300,1
3.04,"p","c","h",2.04,"t","t",1,180,18027,1
8.5,"g","cc","h",14,"t","t",1,88,2000,1
0.21,"g","q","h",0.29,"t","t",11,80,99,1
12.75,"g","c","bb",4.75,"t","t",2,73,444,1
11,"g","x","v",0.29,"t","t",6,121,0,1
21.5,"g","e","z",20,"t","t",11,0,1200,1
5,"g","q","h",5,"t","t",6,470,0,1
11,"g","x","h",1,"t","t",11,0,3000,1
11.125,"g","x","h",0.46,"t","t",1,100,0,1
0.625,"g","k","v",0.25,"f","f",0,380,2010,2
10.25,"g","c","h",1.085,"f","f",0,320,13,2
11.045,"g","c","v",2,"f","f",0,136,0,2
0,"g","d","v",0.5,"f","f",0,144,0,2
9.54,"g","i","v",0.04,"f","f",0,200,1000,2
1.75,"p","c","v",0.165,"f","f",0,132,0,2
2.335,"g","d","h",5.75,"f","f",0,292,0,2
0,"p","ff","ff",0,"f","f",0,0,0,2
1.335,"g","i","o",0.335,"f","f",0,0,120,2
10.5,"p","x","h",0,"f","f",0,154,32,2
0.585,"g","ff","ff",0,"f","f",0,145,0,2
0.085,"p","c","v",0.04,"f","f",0,140,722,2
1.21,"p","e","dd",0,"f","f",0,100,0,2
6,"g","d","v",1.25,"f","f",0,272,0,2
1.54,"g","q","v",0.125,"t","f",0,260,0,1
0.165,"g","q","n",0.21,"f","f",0,200,40,1
0,"g","c","v",0,"f","f",0,160,0,1
2.5,"g","c","v",1.25,"f","f",0,280,0,2
6.75,"p","m","v",0.04,"f","f",0,140,0,2
10.125,"p","k","v",0.125,"f","f",0,160,0,2
2.5,"g","cc","h",2.25,"f","f",0,340,0,2
5.71,"g","d","v",0.54,"f","f",0,120,0,2
5.415,"g","i","h",0.29,"f","f",0,80,484,2
10,"p","q","h",0.165,"f","f",0,340,0,2
13.5,"p","ff","ff",0,"f","f",0,160,0,2
0.835,"g","m","v",0.085,"t","f",0,200,0,2
0.875,"p","c","h",0.25,"f","f",0,280,204,2
0.585,"p","cc","h",0.125,"f","f",0,240,1,2
4.46,"g","c","v",0.25,"f","f",0,80,0,2
1.25,"g","q","v",0.25,"f","t",1,108,98,2
12.625,"g","c","v",0.125,"f","t",2,0,5552,2
10,"g","w","h",0.165,"f","t",1,120,1,2
1.5,"g","ff","ff",0,"f","t",2,200,105,2
0.58,"g","w","v",0.29,"f","t",1,340,2803,2
0.415,"p","c","v",0.165,"f","t",1,200,1,2
1.75,"p","j","j",0,"f","f",0,160,0,2
0.75,"g","m","v",0.5,"f","f",0,320,0,2
10,"g","w","v",1,"f","t",1,120,1,2
0.54,"g","w","v",0.165,"f","t",1,272,444,2
2.415,"g","w","v",0.125,"f","t",2,220,1,2
0.335,"g","ff","ff",0,"f","t",1,160,126,2
3.125,"g","ff","ff",3.04,"f","t",2,200,4,2
9,"g","ff","ff",4,"f","t",1,70,6,2
2.5,"g","aa","v",1.75,"f","t",2,720,0,2
2.75,"g","aa","v",0.665,"f","t",1,80,21,2
12.125,"g","c","v",3.335,"f","t",2,180,173,2
2,"g","ff","ff",6.5,"f","t",1,0,10,2
0.165,"g","d","v",0.25,"f","f",0,280,0,2
1,"g","c","v",0.5,"f","f",0,280,0,2
2.875,"g","q","v",0.085,"f","f",0,120,0,2
13.665,"g","q","h",1.5,"f","f",0,280,1,2
26.335,"p","ff","ff",0,"t","f",0,0,0,2
2.75,"g","ff","ff",4.5,"f","f",0,160,25,2
10.29,"g","ff","ff",0.415,"f","f",0,80,0,2
1.29,"g","k","h",0.25,"f","f",0,140,0,2
3,"p","j","j",0,"f","f",0,160,20,2
4.5,"g","w","v",1,"f","f",0,360,6,2
1.75,"p","c","v",2.335,"f","f",0,112,6,2
0.21,"g","aa","v",0.125,"f","f",0,200,1,2
10,"g","d","v",0.415,"f","f",0,80,42,2
0,"p","aa","v",0.25,"f","f",0,60,0,2
0.75,"g","m","v",0.5,"t","f",0,320,0,2
0.25,"p","c","h",0.25,"f","f",0,280,204,2
22,"gg","ff","o",0,"f","f",0,450,1e+05,1
0,"p","m","bb",0,"f","f",0,500,1,1
0.125,"p","c","v",1.5,"f","f",0,232,113,1
1.5,"g","w","v",1.5,"f","f",0,150,8,1
0.375,"gg","cc","ff",10,"f","f",0,300,0,1
0.375,"g","cc","v",0.375,"f","f",0,300,44,1
0.205,"p","k","v",0.25,"t","t",11,380,2732,1
1.25,"g","w","v",1.165,"f","f",0,120,0,2
1.085,"p","x","v",1,"f","f",0,280,13,2
1.085,"p","c","v",0.04,"f","f",0,170,179,2
3.5,"g","i","bb",0.5,"f","f",0,1160,0,2
2.5,"p","w","v",3,"f","f",0,200,0,2
4,"p","i","v",0.085,"f","f",0,411,0,2
0,"g","c","v",0,"f","f",0,160,0,2
2.5,"p","c","v",2.5,"f","f",0,0,2,2
2.5,"g","c","v",1,"f","f",0,460,16,2
12.5,"g","d","v",1,"f","f",0,180,1062,2
2.5,"g","cc","bb",0.5,"f","f",0,348,0,2
0.75,"g","q","h",0.165,"f","f",0,220,251,2
6.5,"g","c","v",1,"f","f",0,0,228,2
1.25,"p","i","h",0.5,"f","f",0,160,0,2
3,"p","aa","v",2,"f","f",0,180,0,2
3,"g","w","v",0.75,"f","f",0,300,67,2
4,"g","c","v",3,"f","f",0,480,0,2
4.085,"g","aa","v",0.04,"f","f",0,108,100,2
2.25,"g","i","bb",0.5,"f","f",0,640,4000,2
2.75,"g","i","bb",0,"f","f",0,180,0,2
1.75,"g","k","v",0.5,"f","f",0,300,2,2
7,"g","e","z",0,"f","f",0,0,12,2
1.5,"g","c","v",0.25,"f","f",0,372,122,2
4.5,"p","c","bb",2.5,"f","f",0,200,1210,2
0.54,"g","c","v",0.585,"t","t",3,180,0,2
1.5,"g","w","v",2.25,"f","t",1,100,3,2
2,"g","j","j",0,"f","f",0,276,1,2
0.585,"p","ff","ff",0,"f","f",0,100,0,2
11.5,"p","m","v",1.5,"f","f",0,0,4000,2
1.585,"g","d","v",0.585,"f","f",0,0,0,2
2,"g","i","v",0.25,"f","f",0,221,0,2
0.165,"g","aa","v",1,"f","t",2,320,1,2
1.335,"g","d","v",0.165,"f","f",0,168,0,2
0.165,"g","q","v",0.04,"f","f",0,380,0,2
3,"g","d","v",0.165,"f","f",0,120,0,2
4.71,"g","ff","ff",0,"f","f",0,160,0,2
5.5,"g","k","v",5.5,"f","f",0,100,0,2
2.5,"g","ff","ff",0.085,"f","f",0,100,4208,2
0.54,"g","k","ff",0,"f","f",0,100,0,2
0.335,"p","k","v",0.29,"f","f",0,200,0,2
2,"g","e","dd",0.165,"f","t",2,320,1300,2
1.25,"g","m","v",13.875,"f","t",1,352,112,2
6.165,"g","aa","v",0.165,"f","f",0,220,1000,2
1.71,"p","m","v",0.165,"f","f",0,400,0,2
11.5,"p","k","h",3,"f","f",0,20,16,2
0.75,"p","r","n",0.75,"f","f",0,132,2,2
2.5,"p","w","v",7,"f","f",0,280,0,2
13,"g","e","dd",0,"f","f",0,140,1110,2
4.585,"g","k","h",1,"f","f",0,240,0,2
1.54,"g","w","v",0.125,"f","f",0,100,0,2
0.585,"g","aa","v",0.04,"f","f",0,260,1004,2
0.5,"p","e","dd",1,"f","f",0,260,0,2
14.5,"g","d","v",0.125,"f","f",0,0,286,2
0.835,"p","c","v",2,"f","f",0,240,0,2
1.335,"g","i","bb",0.125,"f","f",0,440,4500,2
0.25,"g","i","bb",4,"f","f",0,420,0,2
5,"g","i","bb",2.25,"f","f",0,141,0,2
7,"g","c","v",0.165,"f","f",0,160,0,2
2.5,"p","i","bb",4.5,"f","f",0,200,456,2
4.25,"p","ff","ff",5,"f","f",0,0,4,2
11.46,"g","k","v",1.585,"f","f",0,100,1212,2
5.5,"p","c","v",1.5,"f","f",0,60,0,2
1.5,"p","aa","v",0.54,"f","f",0,120,67,2
0,"g","c","v",0.5,"f","f",0,0,0,2
14.585,"g","i","bb",0,"f","f",0,178,0,2
0.17,"g","m","v",0.085,"f","f",0,0,0,2
7,"g","e","v",1,"f","f",0,600,0,2
5,"g","i","bb",0.21,"f","f",0,550,0,2
12.5,"g","aa","bb",0.25,"f","f",0,720,0,2
0.54,"g","m","v",1,"f","f",0,120,1,2
1.25,"p","w","v",0.25,"f","f",0,0,195,2
1.625,"g","d","v",0.54,"f","f",0,0,0,2
2.04,"p","x","h",0.04,"f","f",0,128,1,2
0.585,"p","ff","ff",0.125,"f","f",0,120,87,2
12.5,"p","k","h",1.25,"f","f",0,0,17,2
2.085,"g","c","v",0.085,"f","f",0,300,0,2
5.085,"p","j","v",0.29,"f","f",0,140,184,2
0.375,"g","c","v",0.29,"f","f",0,220,140,2
6.5,"g","i","bb",3.085,"f","f",0,73,0,2
0.335,"g","q","v",0.75,"f","f",0,160,0,2
5.085,"p","i","bb",1.085,"f","f",0,480,0,2
6,"g","ff","ff",0,"f","f",0,0,0,2
8.125,"p","k","v",0.165,"f","t",2,160,18,2
0.665,"p","c","v",1,"f","t",1,2000,2,2
3.125,"g","w","v",0.085,"f","t",1,0,6,2
0.25,"g","q","v",0.335,"f","t",4,160,8,2
2.835,"g","ff","ff",0,"f","t",5,176,146,2
3,"g","c","v",1.25,"f","t",1,0,22,2
0.79,"g","i","v",0.085,"f","f",0,144,0,2
1.5,"g","i","bb",0,"f","f",0,300,0,2
0.46,"g","k","v",0.125,"f","f",0,280,55,2
1.25,"p","ff","ff",3.25,"f","f",0,280,0,2
0.125,"p","k","v",0.125,"f","f",0,200,70,2
1.79,"g","c","v",0.54,"f","f",0,136,1,2
0.705,"g","c","v",0.375,"f","t",2,225,500,2
2.54,"p","ff","ff",0,"f","f",0,180,60,2
2.5,"g","i","v",1,"f","f",0,210,0,2
1.085,"g","q","v",1.5,"f","f",0,108,7,2
1.25,"g","w","v",1.75,"f","f",0,200,0,2
0.835,"g","cc","v",1.165,"f","f",0,100,0,2
2.165,"g","c","v",1.5,"f","f",0,120,0,2
1.25,"g","c","v",0.25,"f","f",0,110,0,2
2.04,"g","w","v",0.25,"f","f",0,180,50,2
0.835,"g","e","v",0.04,"f","f",0,120,5,2
2.29,"g","ff","ff",0.29,"f","f",0,200,3,2
0.335,"p","cc","v",0.085,"f","f",0,180,0,2
3,"p","ff","ff",1.5,"f","f",0,180,4,2
3.165,"p","c","v",0.165,"f","f",0,160,1058,2
1.54,"g","k","v",0.085,"f","f",0,356,0,2
1,"g","aa","v",0.5,"f","f",0,200,0,2
2.71,"g","c","v",2.415,"f","f",0,320,0,2
0,"p","ff","ff",0,"f","t",4,45,1,2
0.585,"g","ff","ff",0,"f","t",3,350,769,2
0.165,"g","ff","ff",0,"f","f",0,62,27,2
1.25,"g","ff","ff",0,"f","t",1,92,300,2
0.875,"g","k","v",0.375,"f","t",2,174,3,2
0,"g","k","v",1,"f","t",11,0,0,2
5,"g","ff","ff",0,"f","t",2,17,1,2
2.71,"p","m","v",0.125,"f","f",0,80,0,2
3,"g","k","v",0.04,"f","f",0,160,40,2
0,"p","j","ff",0,"f","f",0,86,0,2
11.25,"g","ff","ff",0,"f","f",0,160,5200,2
0.125,"g","c","v",0.165,"f","f",0,132,0,2
1.665,"g","ff","ff",0,"f","f",0,340,1,2
1.125,"g","ff","ff",0,"f","t",1,96,19,2
7,"g","c","v",0.5,"f","f",0,0,0,2
3,"p","i","bb",7,"f","f",0,0,1,2
1.625,"g","c","v",1.5,"f","f",0,0,316,2
4.25,"g","q","v",3.5,"f","f",0,454,50,2
0.665,"g","w","v",0.25,"f","f",0,300,0,2
1.5,"g","d","v",3.75,"f","f",0,0,350,2
18.125,"g","w","v",0.085,"f","f",0,320,3552,2
0,"g","c","v",0,"f","f",0,160,0,2
0.75,"p","c","v",0.04,"f","f",0,240,0,2
5.5,"g","i","bb",5,"f","f",0,210,687,2
0.29,"p","c","v",1.5,"f","f",0,160,0,2
2.415,"p","c","v",0,"f","f",0,120,0,2
0.875,"g","m","v",0.085,"f","t",4,254,1950,2
0.5,"g","c","v",0.125,"f","f",0,360,0,2
0.29,"g","ff","ff",0,"f","t",10,200,18,2
1.835,"g","j","j",0,"f","t",1,200,53,2
3,"g","m","v",2.79,"f","t",1,280,10,2
3.085,"g","c","v",2.5,"f","t",2,160,41,2
1.375,"g","w","h",0.04,"f","t",3,0,33,2
2.335,"g","k","v",0.75,"f","f",0,180,0,2
4.085,"g","i","h",0.415,"f","f",0,120,0,2
11.665,"g","k","h",0.085,"f","f",0,320,5,2
4.125,"p","i","h",0.04,"f","f",0,140,100,2
6.5,"g","i","v",0.125,"f","f",0,60,100,2
4,"p","i","v",1,"f","f",0,360,1000,2
0.415,"g","c","v",0.125,"f","f",0,0,44,2
2,"g","d","v",0.75,"f","f",0,80,0,2
0.835,"g","i","h",0.085,"f","f",0,220,5,2
2.5,"p","i","h",10,"f","f",0,200,0,2
11.5,"g","i","v",0.415,"f","f",0,0,0,2
2.71,"p","c","v",0.085,"f","f",0,80,0,2
0.5,"g","i","v",0.165,"f","t",6,240,35,2
3.165,"p","k","v",0.415,"f","t",1,280,80,2
9.5,"g","aa","v",1.75,"f","t",10,0,10,2
0.415,"p","c","v",0.04,"f","t",2,128,6,2
1.08,"g","m","v",1.165,"f","f",0,28,0,2
19,"p","ff","ff",0.04,"f","t",2,0,351,2
0.125,"p","k","v",0.085,"f","f",0,216,2100,2
13.335,"p","aa","v",0.04,"f","f",0,120,475,2
3.54,"p","ff","ff",0,"f","f",0,180,1,2
1,"g","q","v",0.125,"f","f",0,263,0,2
0.75,"g","q","h",2.75,"t","t",1,333,892,1
0.875,"g","q","v",4.625,"t","t",2,520,2000,1
9.5,"g","m","v",6.5,"t","t",14,240,4607,1
11.835,"g","c","h",6,"t","f",0,340,0,1
4.415,"p","c","h",3,"t","f",0,240,0,1
9.5,"g","w","v",1.5,"t","f",0,120,2206,1
0.875,"g","x","h",1.04,"t","f",0,160,5860,1
9.25,"g","c","v",1.665,"t","t",3,40,28,1
0.5,"g","c","v",1.46,"t","t",5,312,0,1
7,"g","c","v",1.625,"t","t",3,200,1391,1
4,"g","x","v",5,"t","t",3,290,2279,1
5,"g","cc","v",3.5,"t","t",10,0,0,1
0.165,"g","ff","ff",0,"t","t",1,232,100,1
5.125,"g","x","v",4.75,"t","t",2,420,7,1
3.75,"g","c","v",1.085,"t","t",1,371,0,1
19.5,"g","c","v",7,"t","t",16,0,5000,1
9,"g","aa","v",0.75,"t","t",2,88,591,1
3,"g","q","h",1.835,"t","t",19,0,500,1
12,"g","c","v",2,"t","t",1,220,19,1
4.79,"p","w","v",2.25,"t","t",1,80,300,1
4,"p","w","v",1.75,"t","t",2,120,1000,1
4,"g","j","j",0,"t","f",0,100,960,1
0,"g","c","v",2.5,"t","f",0,0,0,1
9.96,"g","e","dd",0,"t","f",0,0,0,1
2.54,"p","c","h",2.585,"t","f",0,0,0,1
10.5,"g","x","v",6.5,"t","f",0,0,0,1
5,"g","aa","v",4,"t","t",4,0,99,1
0.75,"g","c","v",1.75,"t","t",5,352,690,1
0.375,"g","q","v",0.585,"t","t",4,80,0,1
1.71,"g","x","v",0.125,"t","t",5,480,0,1
7.5,"g","k","v",1.5,"t","t",1,160,234,1
5.29,"g","e","dd",2.25,"t","t",5,99,500,1
3,"g","m","v",1.29,"t","t",1,260,800,1
8.5,"g","q","v",1.75,"t","t",10,80,990,2
1.665,"g","q","v",2.415,"t","f",0,440,0,2
1.5,"g","c","v",2.5,"t","f",0,140,0,2
1.75,"g","k","v",0.21,"t","f",0,160,0,2
0.335,"g","i","bb",1,"t","f",0,252,2197,2
7.08,"g","k","h",6.75,"t","t",3,100,50,2
25.21,"g","q","h",0.21,"t","t",1,760,90,2
2.085,"g","c","h",2.75,"t","f",0,360,1,2
0.67,"g","aa","h",1.75,"t","f",0,400,0,2
2.25,"g","i","bb",0.75,"t","f",0,560,0,2
0.835,"g","ff","ff",0,"t","f",0,130,1,2
2.5,"g","aa","v",7.5,"t","f",0,523,0,2
1.585,"p","ff","ff",0,"t","f",0,320,0,2
1.25,"g","ff","ff",0,"t","f",0,80,0,2
3.165,"g","x","h",3.75,"t","f",0,680,0,2
1.75,"g","w","bb",0.25,"t","f",0,163,0,2
5.5,"g","c","v",0.54,"t","f",0,0,340,2
1.5,"p","cc","v",2,"t","f",0,100,20,2
3,"g","i","bb",1,"t","f",0,0,200,2
10,"p","k","h",0.835,"t","f",0,140,0,2
3.79,"g","w","v",1.165,"t","f",0,200,0,2
1.04,"p","i","bb",0.5,"t","t",10,132,28,2
11,"p","d","v",1.5,"t","f",0,0,0,2
0.46,"p","w","v",2.625,"t","t",6,208,347,2
1.5,"g","d","h",1.875,"t","t",6,200,327,1
1,"g","x","v",0.75,"t","t",7,340,4071,1
12,"g","m","v",16,"t","f",0,110,0,1
22.29,"g","e","z",12.75,"t","t",1,0,109,1
10,"g","i","bb",0,"t","t",11,0,1249,1
15,"g","r","n",5.375,"t","t",9,0,134,1
3.335,"g","w","v",4,"t","t",14,383,1344,1
11.25,"p","x","h",0.75,"t","t",4,0,321,1
0.42,"g","c","h",0.21,"t","t",6,220,948,1
4.5,"g","w","v",7.5,"t","t",2,330,0,1
1.46,"g","w","v",1.085,"t","t",16,120,2079,1
0.04,"g","x","h",0.04,"t","f",0,0,3000,1
2.29,"g","q","h",2.29,"t","t",7,140,2384,1
12.33,"g","cc","h",3.5,"t","t",6,400,458,1
1.125,"g","x","h",1.25,"t","f",0,0,5298,1
1.5,"g","c","h",1.415,"t","f",0,422,200,1
12.335,"g","q","h",1.585,"t","f",0,120,0,1
5.04,"g","q","h",12.75,"t","f",0,92,0,1
3,"g","aa","v",0.04,"t","f",0,100,0,1
11.5,"g","w","h",2.125,"t","t",11,290,284,1
2.875,"g","x","h",0.875,"t","f",0,360,0,1
0.375,"p","c","v",0.375,"t","t",8,300,162,1
0.915,"g","aa","v",0.75,"t","t",4,0,1583,1
2.75,"g","w","v",1.75,"t","t",5,60,58,1
3,"p","d","v",1.085,"t","t",8,160,1,1
0.54,"p","x","v",0.04,"t","t",1,840,59,1
14,"g","ff","ff",0,"t","t",11,0,1400,1
10,"g","c","h",1,"t","t",4,50,1465,1
0.165,"p","c","h",3.25,"t","t",1,432,8000,1
0.5,"g","c","v",1.75,"t","t",11,32,540,1
6,"g","c","v",1,"t","t",3,0,0,1
1.625,"g","c","v",1.5,"t","t",10,186,4700,1
6,"g","m","v",1.29,"t","t",5,108,1097,1
0.83,"g","x","v",1.335,"t","t",8,303,3290,1
0.04,"g","e","v",0.04,"f","t",1,560,0,1
4.25,"g","m","v",0.125,"t","f",0,225,0,1
9,"p","w","h",5.25,"t","f",0,154,0,1
15,"p","e","z",0,"t","f",0,0,13212,1
17.75,"g","ff","ff",0,"t","f",0,0,0,1
20,"g","x","h",17.5,"t","t",9,0,1000,1
15,"g","c","v",8.5,"t","t",9,0,0,1
1.75,"p","c","v",1,"t","t",5,160,5777,1
0.58,"g","c","v",0.29,"t","t",7,96,5124,1
6.5,"g","cc","v",3.125,"t","t",8,330,1200,1
0.75,"g","c","h",4.25,"t","t",3,312,150,1
0,"g","c","v",0,"f","f",0,160,0,1
5.25,"g","w","v",0.085,"f","f",0,290,6,1
0.21,"g","k","v",0.085,"t","f",0,280,0,1
0.75,"g","c","bb",0.25,"t","f",0,349,23,1
3,"g","c","v",2.375,"t","t",8,396,4159,1
6,"g","aa","v",2.5,"t","t",3,80,918,1
0.125,"g","q","v",1,"f","t",1,240,768,1
2.415,"g","c","v",2,"t","t",11,200,3000,1
0.46,"g","k","v",0.54,"t","t",4,380,500,1
1.75,"p","c","v",0,"f","f",0,150,1,2
1.25,"p","k","v",0.25,"f","f",0,224,0,2
0.25,"g","q","v",0.125,"f","f",0,200,0,2
0.585,"g","c","h",0.085,"t","f",0,180,0,2
1.75,"p","k","v",1.25,"f","f",0,280,0,2
0.04,"g","c","v",0.04,"f","f",0,0,0,1
3.5,"g","k","v",0.5,"f","f",0,232,0,2
0.04,"p","d","v",4.25,"f","f",0,460,0,2
4.165,"g","x","bb",0.085,"f","f",0,520,0,2
1.25,"p","k","v",0.125,"f","f",0,140,4,2
3.25,"p","q","h",5.085,"f","t",2,369,1,2
0.79,"g","w","v",0.29,"f","t",1,420,283,2
10.915,"g","c","bb",0.585,"f","t",2,200,7,2
4.415,"g","c","v",0.125,"f","f",0,160,0,2
1.25,"g","c","h",0.25,"f","t",2,400,108,2
0.75,"g","i","v",1.585,"f","t",1,400,9,2
14,"p","ff","ff",0,"f","t",2,160,1,2
4.75,"g","m","v",2,"f","t",1,460,68,2
10.415,"p","aa","v",0.125,"t","f",0,120,375,2
2.25,"g","i","v",0.125,"f","f",0,160,10,2
0.165,"g","c","j",2.25,"f","f",0,0,0,1
0,"g","c","v",0,"f","f",0,160,0,1
0,"g","q","v",0.665,"f","f",0,160,1,2
0.79,"p","cc","v",0.665,"f","f",0,160,0,2
12,"g","c","v",2.085,"f","f",0,80,0,2
7.835,"p","i","bb",0.165,"f","f",0,160,0,2
2.54,"g","ff","ff",0,"f","f",0,0,1000,2
13,"g","d","h",0.5,"f","f",0,228,0,2
0.665,"g","w","v",1.665,"f","f",0,220,5,2
1.25,"g","q","v",0.25,"f","f",0,120,809,2
0.29,"g","m","h",0.125,"f","t",1,272,108,2
1.5,"g","ff","ff",0,"f","f",0,76,0,2
2.165,"p","k","ff",0,"f","f",0,120,0,2
0.71,"g","w","v",0.25,"f","t",1,240,4,2
2.46,"g","c","n",0.96,"f","t",2,160,587,2
0.5,"p","m","v",0.5,"f","f",0,130,0,2
9.585,"g","aa","v",0.79,"f","f",0,80,350,2
3.625,"g","aa","v",0.25,"f","f",0,100,0,2
0.75,"g","k","v",1.5,"f","f",0,231,0,2
2.75,"g","i","bb",2.5,"f","f",0,232,200,2
2.25,"p","cc","v",3.5,"f","f",0,200,141,2
0.75,"p","aa","v",3.5,"f","f",0,320,0,2
7,"g","aa","h",3,"f","f",0,0,0,2
0.42,"p","w","v",0.29,"f","f",0,309,2,2
2.665,"g","cc","v",0.165,"f","f",0,0,501,2
8.5,"g","c","v",0.165,"f","f",0,0,351,2
9,"g","aa","v",0.25,"f","f",0,0,0,2
0.335,"g","k","h",3.5,"f","f",0,340,0,2
3.75,"g","ff","ff",0,"f","t",6,0,200,2
3.75,"g","i","bb",1,"f","f",0,100,2,2
7.625,"g","q","v",0.125,"f","t",1,0,160,2
0.415,"g","i","v",0.335,"f","f",0,144,0,2
11.5,"g","i","v",0.5,"t","f",0,100,68,2
0.83,"g","q","v",0.415,"f","t",1,200,11,2
5,"p","ff","ff",0,"f","f",0,0,0,2
3.25,"g","c","h",2.29,"f","t",1,416,21,2
1.665,"g","aa","v",0.25,"f","f",0,0,390,2
0.375,"g","c","v",1,"f","f",0,120,18,2
3.75,"g","c","v",0.25,"f","t",1,40,154,2
9,"g","aa","v",0.085,"f","f",0,0,0,2
3.5,"g","c","v",0.165,"f","f",0,216,0,2
1.5,"g","w","v",0.875,"f","f",0,160,0,2
4,"p","cc","v",1.5,"f","f",0,120,0,2
1.5,"p","w","v",0.04,"f","f",0,160,0,2
0.04,"p","m","v",0.04,"f","f",0,0,0,2
11.75,"g","c","v",0.25,"f","f",0,180,0,2
0.54,"g","c","v",1.75,"f","t",1,80,5,2
0.5,"g","d","h",0.085,"f","f",0,252,0,2
2.04,"p","ff","ff",1.5,"f","f",0,120,1,2
5.835,"g","w","v",5.5,"f","f",0,465,150,2
12.835,"g","cc","v",0.5,"f","f",0,0,2,2
0.835,"g","aa","v",0.5,"f","f",0,240,117,2
2,"p","e","h",2,"f","f",0,256,17,2
2.5,"g","i","h",0.21,"f","f",0,260,246,2
1.04,"g","aa","v",0.665,"f","f",0,240,237,2
10.665,"g","q","h",0.085,"f","t",12,129,3,2
7.25,"g","m","v",0.04,"f","t",1,100,1,2
10.21,"g","ff","ff",0,"f","f",0,0,50,2
1.25,"g","c","v",0,"f","f",0,0,0,2
0.29,"g","k","v",0.29,"f","f",0,280,364,2
1,"p","d","h",3,"f","f",0,176,537,2
3.29,"g","i","v",0.335,"f","f",0,140,2,2
0.75,"p","d","v",0.585,"f","f",0,240,3,2
3.29,"g","m","v",3.5,"f","f",0,400,0,2
10.085,"p","e","h",1.25,"f","f",0,260,0,2
0.75,"g","c","v",2,"f","t",2,200,394,2
13.5,"p","ff","ff",2,"f","t",1,200,1,2
0.205,"g","aa","v",0.04,"f","f",0,280,750,2
3.375,"g","c","h",8.29,"f","f",0,0,0,2
